 {
  "aceOrgId": 1234,
  "name": "Underwriters Laboratories",
  "customFieldname": "skdfh",
  "aceLegacyId": 124,
  "erpAcctNo": "1227864",
  "acctStatus": "Active",
  "building": "Nimmada",
  "timeZone": "America/New_York",
  "nationalAccount": true,
  "idReq": true,
  "address1": "12 Laboratory Dr",
  "address2": "12 Laboratory Dr Po Box 13995",
  "address3": "",
  "city": "DURHAM",
  "state": "NC",
  "postalCode": "27709-0163",
  "country": "US",
  "billTo": true,
  "shipTo": true
}